template_id,serial,diagnosis,setting,group,selection_mode,option,select_when,medicine_id,generic,formulation,reference_dose_not_order,route,reference_frequency,timing,reference_duration,checks,source_ids,selected,patient_dose,patient_frequency,patient_duration
rx_1,1,Acute bronchitis,outpatient,Fever/pain,choose_one,Paracetamol,Symptoms warrant treatment,paracetamol,Paracetamol,500 mg tablet,500–1000 mg per dose; at least 6 hours apart; maximum 3000 mg/day in this template,oral,As needed,For fever/pain,"Up to 3 days, then reassess if symptoms persist",Reduce/avoid in significant liver disease; count all combination products; short course only,URI,false,,,
rx_1,1,Acute bronchitis,outpatient,Nasal symptoms,choose_one,Sodium chloride nasal saline,Congestion present,saline,Sodium chloride nasal saline,0.9% nasal spray,1–2 sprays in each nostril,intranasal,As needed,Nasal congestion,3–5 days as needed,"If irrigation is used, use sterile/distilled or previously boiled cooled water",URI,false,,,
rx_1,1,Acute bronchitis,outpatient,Wheeze only,choose_one,Salbutamol,Documented wheeze/bronchospasm,salbutamol,Salbutamol,100 micrograms per actuation pMDI,1–2 inhalations,inhaled,Every 4–6 hours as needed,Wheeze; use spacer,Short symptomatic use with reassessment,Tachycardia/tremor; not a substitute for asthma controller; frequent use needs review,GINA;GOLD,false,,,
rx_2,2,Chronic bronchitis,outpatient,,,Clinical workflow only — no default drug order,,,,,,,,,,,,false,,,
rx_3,3,Bronchial asthma,outpatient,ICS-containing inhaler strategy,choose_one,AIR low-dose ICS-formoterol,Eligible mild asthma and suitable approved device,bf,Budesonide/formoterol,160/4.5 micrograms delivered per inhalation (often 200/6 metered),AIR: 1 inhalation as needed; MART: clinician selects maintenance 1–2 inhalations twice daily plus 1 as needed,inhaled,AIR or MART — select one,Rinse mouth after maintenance doses,Ongoing; clinician specifies supply and review date,Adult maximum commonly 12 total inhalations/day for this strength; check device/local AIR/MART approval; action plan required; no duplicate LABA,GINA,false,,,
rx_3,3,Bronchial asthma,outpatient,ICS-containing inhaler strategy,choose_one,MART ICS-formoterol,Maintenance needed; enter maintenance and reliever instructions separately,bf,Budesonide/formoterol,160/4.5 micrograms delivered per inhalation (often 200/6 metered),AIR: 1 inhalation as needed; MART: clinician selects maintenance 1–2 inhalations twice daily plus 1 as needed,inhaled,AIR or MART — select one,Rinse mouth after maintenance doses,Ongoing; clinician specifies supply and review date,Adult maximum commonly 12 total inhalations/day for this strength; check device/local AIR/MART approval; action plan required; no duplicate LABA,GINA,false,,,
rx_3,3,Bronchial asthma,outpatient,Exacerbation course,choose_one,Prednisolone,Assessed exacerbation requiring systemic steroid,pred,Prednisolone,5 mg tablet,COPD exacerbation example: 40 mg daily; asthma exacerbation: clinician selects 40–50 mg daily,oral,Once daily,Morning with food,COPD: 5 days; asthma: usually 5–7 days after assessment,Exacerbation only; glucose/BP/infection review; not routine maintenance,GOLD;GINA,false,,,
rx_4,4,COPD,outpatient,Maintenance bronchodilation,choose_one,Tiotropium,Choose single LAMA or LABA/LAMA according to symptoms/exacerbations,tiotropium,Tiotropium,18 micrograms inhalation capsule for compatible DPI,Contents of 1 capsule inhaled using device,inhaled,Once daily,Maintenance,Ongoing; clinician specifies supply and review date,Never swallow inhalation capsule; not interchangeable with Respimat dosing; renal/urinary/glaucoma review,GOLD,false,,,
rx_4,4,COPD,outpatient,Maintenance bronchodilation,choose_one,Tiotropium/olodaterol,Choose single LAMA or LABA/LAMA according to symptoms/exacerbations,tio_olo,Tiotropium/olodaterol,Respimat: 2.5/2.5 micrograms per actuation,2 inhalations,inhaled,Once daily,Same time each day,Ongoing; clinician specifies supply and review date,COPD maintenance only; not rescue or asthma treatment; assess glaucoma/urinary retention and device technique,TIO,false,,,
rx_4,4,COPD,outpatient,Rescue,choose_one,Salbutamol,Intermittent breathlessness,salbutamol,Salbutamol,100 micrograms per actuation pMDI,1–2 inhalations,inhaled,Every 4–6 hours as needed,Wheeze; use spacer,Short symptomatic use with reassessment,Tachycardia/tremor; not a substitute for asthma controller; frequent use needs review,GINA;GOLD,false,,,
rx_4,4,COPD,outpatient,Exacerbation steroid,choose_one,Prednisolone,Current assessed exacerbation,pred,Prednisolone,5 mg tablet,COPD exacerbation example: 40 mg daily; asthma exacerbation: clinician selects 40–50 mg daily,oral,Once daily,Morning with food,COPD: 5 days; asthma: usually 5–7 days after assessment,Exacerbation only; glucose/BP/infection review; not routine maintenance,GOLD;GINA,false,,,
rx_4,4,COPD,outpatient,Exacerbation antibiotic alternatives,choose_one,Amoxicillin/clavulanate,"Purulent sputum with appropriate exacerbation criteria, or ventilatory support; local susceptibility",amoxclav,Amoxicillin/clavulanate,875/125 mg tablet,1 tablet per dose,oral,Twice daily,At start of meal,Bacterial sinusitis: usually 5–7 days; CAP: clinician-defined stability-based duration,Check allergy and renal function; this strength inappropriate with severe renal impairment; syndrome-specific course,URI;CAP,false,,,
rx_4,4,COPD,outpatient,Exacerbation antibiotic alternatives,choose_one,Doxycycline,"Purulent sputum with appropriate exacerbation criteria, or ventilatory support; local susceptibility",doxy,Doxycycline,100 mg tablet/capsule,100 mg per dose,oral,Twice daily,With water; stay upright; separate iron/calcium/antacids,CAP: stability-based course; sinusitis alternative: usually 5–7 days,Avoid pregnancy; allergy and interactions; local susceptibility/TB differential,CAP;URI,false,,,
rx_5,5,Upper respiratory infection — viral,outpatient,Fever/pain,choose_one,Paracetamol,Symptoms warrant treatment,paracetamol,Paracetamol,500 mg tablet,500–1000 mg per dose; at least 6 hours apart; maximum 3000 mg/day in this template,oral,As needed,For fever/pain,"Up to 3 days, then reassess if symptoms persist",Reduce/avoid in significant liver disease; count all combination products; short course only,URI,false,,,
rx_5,5,Upper respiratory infection — viral,outpatient,Nasal symptoms,choose_one,Sodium chloride nasal saline,Congestion present,saline,Sodium chloride nasal saline,0.9% nasal spray,1–2 sprays in each nostril,intranasal,As needed,Nasal congestion,3–5 days as needed,"If irrigation is used, use sterile/distilled or previously boiled cooled water",URI,false,,,
rx_6,6,Upper respiratory infection — bacterial,outpatient,Fever/pain,choose_one,Paracetamol,Symptoms warrant treatment,paracetamol,Paracetamol,500 mg tablet,500–1000 mg per dose; at least 6 hours apart; maximum 3000 mg/day in this template,oral,As needed,For fever/pain,"Up to 3 days, then reassess if symptoms persist",Reduce/avoid in significant liver disease; count all combination products; short course only,URI,false,,,
rx_6,6,Upper respiratory infection — bacterial,outpatient,Nasal symptoms,choose_one,Sodium chloride nasal saline,Congestion present,saline,Sodium chloride nasal saline,0.9% nasal spray,1–2 sprays in each nostril,intranasal,As needed,Nasal congestion,3–5 days as needed,"If irrigation is used, use sterile/distilled or previously boiled cooled water",URI,false,,,
rx_6,6,Upper respiratory infection — bacterial,outpatient,Sinusitis antibiotic — choose one,choose_one,Amoxicillin/clavulanate,"Persistent ≥10 days without improvement, severe onset, or double worsening; antibiotic chosen after assessment",amoxclav,Amoxicillin/clavulanate,875/125 mg tablet,1 tablet per dose,oral,Twice daily,At start of meal,Bacterial sinusitis: usually 5–7 days; CAP: clinician-defined stability-based duration,Check allergy and renal function; this strength inappropriate with severe renal impairment; syndrome-specific course,URI;CAP,false,,,
rx_6,6,Upper respiratory infection — bacterial,outpatient,Sinusitis antibiotic — choose one,choose_one,Doxycycline,"Persistent ≥10 days without improvement, severe onset, or double worsening; antibiotic chosen after assessment",doxy,Doxycycline,100 mg tablet/capsule,100 mg per dose,oral,Twice daily,With water; stay upright; separate iron/calcium/antacids,CAP: stability-based course; sinusitis alternative: usually 5–7 days,Avoid pregnancy; allergy and interactions; local susceptibility/TB differential,CAP;URI,false,,,
rx_7,7,Pharyngitis,outpatient,Fever/pain,choose_one,Paracetamol,Symptoms warrant treatment,paracetamol,Paracetamol,500 mg tablet,500–1000 mg per dose; at least 6 hours apart; maximum 3000 mg/day in this template,oral,As needed,For fever/pain,"Up to 3 days, then reassess if symptoms persist",Reduce/avoid in significant liver disease; count all combination products; short course only,URI,false,,,
rx_7,7,Pharyngitis,outpatient,Nasal symptoms,choose_one,Sodium chloride nasal saline,Congestion present,saline,Sodium chloride nasal saline,0.9% nasal spray,1–2 sprays in each nostril,intranasal,As needed,Nasal congestion,3–5 days as needed,"If irrigation is used, use sterile/distilled or previously boiled cooled water",URI,false,,,
rx_7,7,Pharyngitis,outpatient,Confirmed GAS only,choose_one,Amoxicillin,Positive GAS test and suitable penicillin therapy,amox_gas,Amoxicillin,500 mg capsule,500 mg per dose,oral,Twice daily,Food optional,10 days,Confirmed GAS pharyngitis; penicillin allergy and renal adjustment,GAS,false,,,
rx_8,8,Pneumonia — community acquired,outpatient,Outpatient antibiotic branch,choose_one,Without major comorbidity — amoxicillin,"Eligible outpatient, local susceptibility",amox_cap,Amoxicillin,500 mg capsule,1000 mg per dose,oral,Three times daily,Food optional,"Clinician sets stop date: selected stable nonsevere CAP may qualify for 3–4 days; otherwise individualise, commonly 5 days or longer",CAP eligible adult; penicillin allergy and renal adjustment; review at 48–72 hours,CAP;CAP25,false,,,
rx_8,8,Pneumonia — community acquired,outpatient,Outpatient antibiotic branch,choose_one,Without major comorbidity — doxycycline,Eligible nonpregnant outpatient alternative,doxy,Doxycycline,100 mg tablet/capsule,100 mg per dose,oral,Twice daily,With water; stay upright; separate iron/calcium/antacids,CAP: stability-based course; sinusitis alternative: usually 5–7 days,Avoid pregnancy; allergy and interactions; local susceptibility/TB differential,CAP;URI,false,,,
rx_8,8,Pneumonia — community acquired,outpatient,Outpatient antibiotic branch,choose_one,With comorbidity — beta-lactam plus doxycycline,"Eligible outpatient, no contraindication; local resistance review",amoxclav,Amoxicillin/clavulanate,875/125 mg tablet,1 tablet per dose,oral,Twice daily,At start of meal,Bacterial sinusitis: usually 5–7 days; CAP: clinician-defined stability-based duration,Check allergy and renal function; this strength inappropriate with severe renal impairment; syndrome-specific course,URI;CAP,false,,,
rx_8,8,Pneumonia — community acquired,outpatient,Outpatient antibiotic branch,choose_one,With comorbidity — beta-lactam plus doxycycline,"Eligible outpatient, no contraindication; local resistance review",doxy,Doxycycline,100 mg tablet/capsule,100 mg per dose,oral,Twice daily,With water; stay upright; separate iron/calcium/antacids,CAP: stability-based course; sinusitis alternative: usually 5–7 days,Avoid pregnancy; allergy and interactions; local susceptibility/TB differential,CAP;URI,false,,,
rx_8,8,Pneumonia — community acquired,outpatient,Fever/pain,choose_one,Paracetamol,Symptomatic,paracetamol,Paracetamol,500 mg tablet,500–1000 mg per dose; at least 6 hours apart; maximum 3000 mg/day in this template,oral,As needed,For fever/pain,"Up to 3 days, then reassess if symptoms persist",Reduce/avoid in significant liver disease; count all combination products; short course only,URI,false,,,
rx_9,9,Pneumonia — hospital acquired,hospital_only,Antipseudomonal backbone,choose_one,Piperacillin/tazobactam,"Local antibiogram, previous antibiotics, cultures and renal function determine agent",pip_tazo,Piperacillin/tazobactam,Hospital formulation; verify all component strengths,CLINICIAN ENTRY REQUIRED,intravenous,Local protocol/renal adjusted,Culture and local antibiogram guided,Usually 7 days if appropriate response; individualise complications and organism,Hospital antimicrobial approval; renal adjustment; monitor drug-specific toxicity; vancomycin exposure monitoring,HAP,false,,,
rx_9,9,Pneumonia — hospital acquired,hospital_only,Antipseudomonal backbone,choose_one,Cefepime,"Local antibiogram, previous antibiotics, cultures and renal function determine agent",cefepime,Cefepime,Hospital formulation; verify all component strengths,CLINICIAN ENTRY REQUIRED,intravenous,Local protocol/renal adjusted,Culture and local antibiogram guided,Usually 7 days if appropriate response; individualise complications and organism,Hospital antimicrobial approval; renal adjustment; monitor drug-specific toxicity; vancomycin exposure monitoring,HAP,false,,,
rx_9,9,Pneumonia — hospital acquired,hospital_only,Antipseudomonal backbone,choose_one,Meropenem,"Local antibiogram, previous antibiotics, cultures and renal function determine agent",meropenem,Meropenem,Hospital formulation; verify all component strengths,CLINICIAN ENTRY REQUIRED,intravenous,Local protocol/renal adjusted,Culture and local antibiogram guided,Usually 7 days if appropriate response; individualise complications and organism,Hospital antimicrobial approval; renal adjustment; monitor drug-specific toxicity; vancomycin exposure monitoring,HAP,false,,,
rx_9,9,Pneumonia — hospital acquired,hospital_only,MRSA cover — conditional,choose_one,Linezolid,MRSA risk/high mortality/local prevalence warrants coverage,linezolid,Linezolid,Hospital formulation; verify all component strengths,CLINICIAN ENTRY REQUIRED,intravenous (linezolid may be oral if appropriate),Local protocol/renal adjusted,Culture and local antibiogram guided,Usually 7 days if appropriate response; individualise complications and organism,Hospital antimicrobial approval; renal adjustment; monitor drug-specific toxicity; vancomycin exposure monitoring,HAP,false,,,
rx_9,9,Pneumonia — hospital acquired,hospital_only,MRSA cover — conditional,choose_one,Vancomycin,MRSA risk/high mortality/local prevalence warrants coverage,vancomycin,Vancomycin,Hospital formulation; verify all component strengths,CLINICIAN ENTRY REQUIRED,intravenous,Local protocol/renal adjusted,Culture and local antibiogram guided,Usually 7 days if appropriate response; individualise complications and organism,Hospital antimicrobial approval; renal adjustment; monitor drug-specific toxicity; vancomycin exposure monitoring,HAP,false,,,
rx_10,10,CAD — stable angina,outpatient,Single antiplatelet alternatives,choose_one,Aspirin,Documented CAD secondary prevention without conflicting anticoagulation plan,aspirin,Aspirin,75 or 81 mg tablet,75–100 mg daily,oral,Once daily,With/after food if dyspepsia,Ongoing; clinician specifies supply and review date,Bleeding/allergy review; avoid automatic addition to anticoagulation; secondary prevention indication required,CCD,false,,,
rx_10,10,CAD — stable angina,outpatient,Single antiplatelet alternatives,choose_one,Clopidogrel,Documented CAD secondary prevention without conflicting anticoagulation plan,clop,Clopidogrel,75 mg tablet,75 mg daily (maintenance),oral,Once daily,With or without food,Ongoing; clinician specifies supply and review date,"Record PCI/ACS date, DAPT stop/review date and bleeding; loading dose is a separate hospital order",CCD,false,,,
rx_10,10,CAD — stable angina,outpatient,Statin — choose one,choose_one,Rosuvastatin,ASCVD secondary prevention; intensity/tolerance review,rosu,Rosuvastatin,"5, 10, 20 or 40 mg tablet",Risk-selected: 5–10 mg moderate intensity; 20–40 mg high intensity,oral,Once daily,Any consistent time,Ongoing; clinician specifies supply and review date,"Cited label: Asian patients start 5 mg; severe renal impairment (CrCl <30, not dialysis) start 5 mg, maximum 10 mg/day. Select intensity within local label, renal and interaction limits; muscle/liver/pregnancy review.",LIPID;ROSU,false,,,
rx_10,10,CAD — stable angina,outpatient,Statin — choose one,choose_one,Atorvastatin,ASCVD secondary prevention; intensity/tolerance review,ator,Atorvastatin,"10, 20, 40 or 80 mg tablet",Risk-selected: 10–20 mg moderate intensity; 40–80 mg high intensity,oral,Once daily,Any consistent time,Ongoing; clinician specifies supply and review date,"Liver disease, interactions, muscle symptoms and pregnancy plan; select one statin",LIPID,false,,,
rx_10,10,CAD — stable angina,outpatient,First antianginal alternatives,choose_one,Bisoprolol,Symptomatic angina and suitable HR/BP/comorbidity,biso,Bisoprolol,"1.25, 2.5 or 5 mg tablet",HFrEF start example: 1.25 mg daily; stable CAD/AF: clinician-selected 2.5–5 mg daily,oral,Once daily,Consistent time,Ongoing; clinician specifies supply and review date,"Check HR/BP, AV block, bronchospasm; start/titrate only when clinically stable; no routine lifelong use just because PTCA occurred",HF;CCD;AF,false,,,
rx_10,10,CAD — stable angina,outpatient,First antianginal alternatives,choose_one,Metoprolol succinate ER,Symptomatic angina and suitable HR/BP/comorbidity,metop,Metoprolol succinate ER,25 mg extended-release tablet,HFrEF/CAD maintenance start example: 12.5–25 mg daily; titrate,oral,Once daily,With/after food consistently,Ongoing; clinician specifies supply and review date,Use ER formulation for HFrEF; HR/BP/AV block and bronchospasm; do not duplicate beta-blockers,HF;CCD,false,,,
rx_10,10,CAD — stable angina,outpatient,First antianginal alternatives,choose_one,Amlodipine,Symptomatic angina and suitable HR/BP/comorbidity,amlod,Amlodipine,2.5 or 5 mg tablet,5 mg daily; frail/elderly may start 2.5 mg,oral,Once daily,With or without food,Ongoing; clinician specifies supply and review date,"Edema, orthostatic BP, hepatic impairment; not a treatment for acute hypertensive emergency",TA,false,,,
rx_10,10,CAD — stable angina,outpatient,Rescue nitrate,choose_one,Glyceryl trinitrate,Eligible rescue plan,gtn,Glyceryl trinitrate,0.4 mg metered sublingual spray,1 spray under tongue; repeat at 5-minute intervals to maximum 3 doses if prescribed,sublingual,As needed,Sit down before administration,Rescue use; clinician confirms instructions,Persistent/new/worsening chest pain: emergency assessment promptly; no PDE5 inhibitor/recent riociguat; avoid hypotension/RV infarct risk,CCD,false,,,
rx_11,11,CAD — unstable angina / suspected ACS,emergency_only,,,Clinical workflow only — no default drug order,,,,,,,,,,,,false,,,
rx_12,12,"CAD post PTCA — normal LV function, less than 1 year",outpatient,Antiplatelet plan,choose_one,DAPT: aspirin + clopidogrel,Eligible elective PCI phase; ACS may require different P2Y12 agent,aspirin,Aspirin,75 or 81 mg tablet,75–100 mg daily,oral,Once daily,With/after food if dyspepsia,Ongoing; clinician specifies supply and review date,Bleeding/allergy review; avoid automatic addition to anticoagulation; secondary prevention indication required,CCD,false,,,
rx_12,12,"CAD post PTCA — normal LV function, less than 1 year",outpatient,Antiplatelet plan,choose_one,DAPT: aspirin + clopidogrel,Eligible elective PCI phase; ACS may require different P2Y12 agent,clop,Clopidogrel,75 mg tablet,75 mg daily (maintenance),oral,Once daily,With or without food,Ongoing; clinician specifies supply and review date,"Record PCI/ACS date, DAPT stop/review date and bleeding; loading dose is a separate hospital order",CCD,false,,,
rx_12,12,"CAD post PTCA — normal LV function, less than 1 year",outpatient,Antiplatelet plan,choose_one,Single antiplatelet,Eligible completed/shortened DAPT plan,aspirin,Aspirin,75 or 81 mg tablet,75–100 mg daily,oral,Once daily,With/after food if dyspepsia,Ongoing; clinician specifies supply and review date,Bleeding/allergy review; avoid automatic addition to anticoagulation; secondary prevention indication required,CCD,false,,,
rx_12,12,"CAD post PTCA — normal LV function, less than 1 year",outpatient,Antiplatelet plan,choose_one,P2Y12 monotherapy,Selected cardiologist-directed strategy,clop,Clopidogrel,75 mg tablet,75 mg daily (maintenance),oral,Once daily,With or without food,Ongoing; clinician specifies supply and review date,"Record PCI/ACS date, DAPT stop/review date and bleeding; loading dose is a separate hospital order",CCD,false,,,
rx_12,12,"CAD post PTCA — normal LV function, less than 1 year",outpatient,Statin — choose one,choose_one,Rosuvastatin,Secondary prevention,rosu,Rosuvastatin,"5, 10, 20 or 40 mg tablet",Risk-selected: 5–10 mg moderate intensity; 20–40 mg high intensity,oral,Once daily,Any consistent time,Ongoing; clinician specifies supply and review date,"Cited label: Asian patients start 5 mg; severe renal impairment (CrCl <30, not dialysis) start 5 mg, maximum 10 mg/day. Select intensity within local label, renal and interaction limits; muscle/liver/pregnancy review.",LIPID;ROSU,false,,,
rx_12,12,"CAD post PTCA — normal LV function, less than 1 year",outpatient,Statin — choose one,choose_one,Atorvastatin,Secondary prevention,ator,Atorvastatin,"10, 20, 40 or 80 mg tablet",Risk-selected: 10–20 mg moderate intensity; 40–80 mg high intensity,oral,Once daily,Any consistent time,Ongoing; clinician specifies supply and review date,"Liver disease, interactions, muscle symptoms and pregnancy plan; select one statin",LIPID,false,,,
rx_12,12,"CAD post PTCA — normal LV function, less than 1 year",outpatient,First antianginal alternatives,choose_one,Bisoprolol,Symptomatic angina and suitable HR/BP/comorbidity,biso,Bisoprolol,"1.25, 2.5 or 5 mg tablet",HFrEF start example: 1.25 mg daily; stable CAD/AF: clinician-selected 2.5–5 mg daily,oral,Once daily,Consistent time,Ongoing; clinician specifies supply and review date,"Check HR/BP, AV block, bronchospasm; start/titrate only when clinically stable; no routine lifelong use just because PTCA occurred",HF;CCD;AF,false,,,
rx_12,12,"CAD post PTCA — normal LV function, less than 1 year",outpatient,First antianginal alternatives,choose_one,Metoprolol succinate ER,Symptomatic angina and suitable HR/BP/comorbidity,metop,Metoprolol succinate ER,25 mg extended-release tablet,HFrEF/CAD maintenance start example: 12.5–25 mg daily; titrate,oral,Once daily,With/after food consistently,Ongoing; clinician specifies supply and review date,Use ER formulation for HFrEF; HR/BP/AV block and bronchospasm; do not duplicate beta-blockers,HF;CCD,false,,,
rx_12,12,"CAD post PTCA — normal LV function, less than 1 year",outpatient,First antianginal alternatives,choose_one,Amlodipine,Symptomatic angina and suitable HR/BP/comorbidity,amlod,Amlodipine,2.5 or 5 mg tablet,5 mg daily; frail/elderly may start 2.5 mg,oral,Once daily,With or without food,Ongoing; clinician specifies supply and review date,"Edema, orthostatic BP, hepatic impairment; not a treatment for acute hypertensive emergency",TA,false,,,
rx_12,12,"CAD post PTCA — normal LV function, less than 1 year",outpatient,Rescue nitrate,choose_one,Glyceryl trinitrate,Eligible rescue plan,gtn,Glyceryl trinitrate,0.4 mg metered sublingual spray,1 spray under tongue; repeat at 5-minute intervals to maximum 3 doses if prescribed,sublingual,As needed,Sit down before administration,Rescue use; clinician confirms instructions,Persistent/new/worsening chest pain: emergency assessment promptly; no PDE5 inhibitor/recent riociguat; avoid hypotension/RV infarct risk,CCD,false,,,
rx_13,13,"CAD post PTCA — normal LV function, more than 1 year",outpatient,Usual single antiplatelet,choose_one,Aspirin,Choose one unless anticoagulant/complex ischaemic plan changes strategy,aspirin,Aspirin,75 or 81 mg tablet,75–100 mg daily,oral,Once daily,With/after food if dyspepsia,Ongoing; clinician specifies supply and review date,Bleeding/allergy review; avoid automatic addition to anticoagulation; secondary prevention indication required,CCD,false,,,
rx_13,13,"CAD post PTCA — normal LV function, more than 1 year",outpatient,Usual single antiplatelet,choose_one,Clopidogrel,Choose one unless anticoagulant/complex ischaemic plan changes strategy,clop,Clopidogrel,75 mg tablet,75 mg daily (maintenance),oral,Once daily,With or without food,Ongoing; clinician specifies supply and review date,"Record PCI/ACS date, DAPT stop/review date and bleeding; loading dose is a separate hospital order",CCD,false,,,
rx_13,13,"CAD post PTCA — normal LV function, more than 1 year",outpatient,Statin — choose one,choose_one,Rosuvastatin,Secondary prevention,rosu,Rosuvastatin,"5, 10, 20 or 40 mg tablet",Risk-selected: 5–10 mg moderate intensity; 20–40 mg high intensity,oral,Once daily,Any consistent time,Ongoing; clinician specifies supply and review date,"Cited label: Asian patients start 5 mg; severe renal impairment (CrCl <30, not dialysis) start 5 mg, maximum 10 mg/day. Select intensity within local label, renal and interaction limits; muscle/liver/pregnancy review.",LIPID;ROSU,false,,,
rx_13,13,"CAD post PTCA — normal LV function, more than 1 year",outpatient,Statin — choose one,choose_one,Atorvastatin,Secondary prevention,ator,Atorvastatin,"10, 20, 40 or 80 mg tablet",Risk-selected: 10–20 mg moderate intensity; 40–80 mg high intensity,oral,Once daily,Any consistent time,Ongoing; clinician specifies supply and review date,"Liver disease, interactions, muscle symptoms and pregnancy plan; select one statin",LIPID,false,,,
rx_13,13,"CAD post PTCA — normal LV function, more than 1 year",outpatient,First antianginal alternatives,choose_one,Bisoprolol,Symptomatic angina and suitable HR/BP/comorbidity,biso,Bisoprolol,"1.25, 2.5 or 5 mg tablet",HFrEF start example: 1.25 mg daily; stable CAD/AF: clinician-selected 2.5–5 mg daily,oral,Once daily,Consistent time,Ongoing; clinician specifies supply and review date,"Check HR/BP, AV block, bronchospasm; start/titrate only when clinically stable; no routine lifelong use just because PTCA occurred",HF;CCD;AF,false,,,
rx_13,13,"CAD post PTCA — normal LV function, more than 1 year",outpatient,First antianginal alternatives,choose_one,Metoprolol succinate ER,Symptomatic angina and suitable HR/BP/comorbidity,metop,Metoprolol succinate ER,25 mg extended-release tablet,HFrEF/CAD maintenance start example: 12.5–25 mg daily; titrate,oral,Once daily,With/after food consistently,Ongoing; clinician specifies supply and review date,Use ER formulation for HFrEF; HR/BP/AV block and bronchospasm; do not duplicate beta-blockers,HF;CCD,false,,,
rx_13,13,"CAD post PTCA — normal LV function, more than 1 year",outpatient,First antianginal alternatives,choose_one,Amlodipine,Symptomatic angina and suitable HR/BP/comorbidity,amlod,Amlodipine,2.5 or 5 mg tablet,5 mg daily; frail/elderly may start 2.5 mg,oral,Once daily,With or without food,Ongoing; clinician specifies supply and review date,"Edema, orthostatic BP, hepatic impairment; not a treatment for acute hypertensive emergency",TA,false,,,
rx_13,13,"CAD post PTCA — normal LV function, more than 1 year",outpatient,Rescue nitrate,choose_one,Glyceryl trinitrate,Eligible rescue plan,gtn,Glyceryl trinitrate,0.4 mg metered sublingual spray,1 spray under tongue; repeat at 5-minute intervals to maximum 3 doses if prescribed,sublingual,As needed,Sit down before administration,Rescue use; clinician confirms instructions,Persistent/new/worsening chest pain: emergency assessment promptly; no PDE5 inhibitor/recent riociguat; avoid hypotension/RV infarct risk,CCD,false,,,
rx_14,14,Acute heart failure,emergency_only,Monitored decongestion,choose_one,Furosemide,Fluid overload and suitable perfusion,furo_iv,Furosemide,Injection; verify concentration,CLINICIAN ENTRY REQUIRED,intravenous,Hospital individualised order,"Dose based on previous loop exposure, renal function and response",Acute monitored treatment,"Hospital only: BP, urine output, electrolytes/renal; no automatic fixed dose",HF,false,,,
rx_15,15,Compensated CHF,outpatient,Renin-angiotensin pathway — choose one,choose_one,ARNI,Eligible HFrEF,arni,Sacubitril/valsartan,24/26 or 49/51 mg tablet,49/51 mg twice daily usual start; 24/26 mg twice daily for eligible low-dose/naive/renal patients,oral,Twice daily,With or without food,Ongoing; clinician specifies supply and review date,"No ACE inhibitor within 36 hours, no extra ARB; BP/K/renal; angioedema/pregnancy contraindications",ARNI,false,,,
rx_15,15,Compensated CHF,outpatient,Renin-angiotensin pathway — choose one,choose_one,ACE inhibitor,ARNI unavailable/unsuitable,ramipril,Ramipril,1.25 or 2.5 mg capsule/tablet,2.5 mg daily initiation example; lower in selected patients,oral,Once daily initially,Consistent time,Ongoing; clinician specifies supply and review date,"Creatinine/K, cough/angioedema; contraindicated pregnancy; no ARB/ARNI; ARNI transition needs 36 hours",BP;HF,false,,,
rx_15,15,Compensated CHF,outpatient,Renin-angiotensin pathway — choose one,choose_one,ARB — valsartan,ACE inhibitor intolerant and ARNI unsuitable/unavailable,valsartan,Valsartan,40 mg tablet,HFrEF starting example: 40 mg twice daily; titrate as tolerated,oral,Twice daily,With or without food,Ongoing; clinician specifies supply and review date,BP/K/renal monitoring; no additional ARB/ARNI/ACEi; contraindicated pregnancy,VAL,false,,,
rx_15,15,Compensated CHF,outpatient,Evidence-based beta-blocker — choose one,choose_one,Bisoprolol,Stable euvolaemic HFrEF,biso,Bisoprolol,"1.25, 2.5 or 5 mg tablet",HFrEF start example: 1.25 mg daily; stable CAD/AF: clinician-selected 2.5–5 mg daily,oral,Once daily,Consistent time,Ongoing; clinician specifies supply and review date,"Check HR/BP, AV block, bronchospasm; start/titrate only when clinically stable; no routine lifelong use just because PTCA occurred",HF;CCD;AF,false,,,
rx_15,15,Compensated CHF,outpatient,Evidence-based beta-blocker — choose one,choose_one,Metoprolol succinate ER,Stable euvolaemic HFrEF,metop,Metoprolol succinate ER,25 mg extended-release tablet,HFrEF/CAD maintenance start example: 12.5–25 mg daily; titrate,oral,Once daily,With/after food consistently,Ongoing; clinician specifies supply and review date,Use ER formulation for HFrEF; HR/BP/AV block and bronchospasm; do not duplicate beta-blockers,HF;CCD,false,,,
rx_15,15,Compensated CHF,outpatient,SGLT2 inhibitor,choose_one,Dapagliflozin,Eligible stable HF,dapa,Dapagliflozin,5 or 10 mg tablet,"Glycaemic start: 5 mg daily, may increase to 10 mg; HF/CKD indication: 10 mg daily",oral,Once daily,With or without food,Ongoing; clinician specifies supply and review date,Indication-specific eGFR (HF/CKD initiation generally ≥25); glycaemic efficacy reduced <45; volume/genital infection/DKA review; hold ≥3 days before surgery; sick-day instructions,DAPA,false,,,
rx_15,15,Compensated CHF,outpatient,MRA,choose_one,Spironolactone,Eligible K/eGFR,spiro,Spironolactone,25 mg tablet,12.5–25 mg daily initiation example,oral,Once daily,Consistent relation to food,Ongoing; clinician specifies supply and review date,"HFrEF initiation generally requires eGFR >30 and K <5; resistant HTN use requires additional caution/eligibility; recheck K/creatinine within 3–7 days and after titration Resistant hypertension: ESC approach generally restricts use to eGFR ≥30 and K ≤4.5, with increased hyperkalaemia risk in CKD; confirm local eligibility.",HF;BP,false,,,
rx_15,15,Compensated CHF,outpatient,Loop diuretic,choose_one,Torsemide,Congestion present,torse,Torsemide,10 mg tablet,10–20 mg daily initiation example; adjust to congestion,oral,Once daily initially,Morning,Ongoing; clinician specifies supply and review date,"Use only if volume indication; daily weight, renal/Na/K; avoid overdiuresis",HF,false,,,
rx_16,16,Non-coronary compensated CHF,outpatient,Renin-angiotensin pathway — choose one,choose_one,ARNI,Eligible HFrEF,arni,Sacubitril/valsartan,24/26 or 49/51 mg tablet,49/51 mg twice daily usual start; 24/26 mg twice daily for eligible low-dose/naive/renal patients,oral,Twice daily,With or without food,Ongoing; clinician specifies supply and review date,"No ACE inhibitor within 36 hours, no extra ARB; BP/K/renal; angioedema/pregnancy contraindications",ARNI,false,,,
rx_16,16,Non-coronary compensated CHF,outpatient,Renin-angiotensin pathway — choose one,choose_one,ACE inhibitor,ARNI unavailable/unsuitable,ramipril,Ramipril,1.25 or 2.5 mg capsule/tablet,2.5 mg daily initiation example; lower in selected patients,oral,Once daily initially,Consistent time,Ongoing; clinician specifies supply and review date,"Creatinine/K, cough/angioedema; contraindicated pregnancy; no ARB/ARNI; ARNI transition needs 36 hours",BP;HF,false,,,
rx_16,16,Non-coronary compensated CHF,outpatient,Renin-angiotensin pathway — choose one,choose_one,ARB — valsartan,ACE inhibitor intolerant and ARNI unsuitable/unavailable,valsartan,Valsartan,40 mg tablet,HFrEF starting example: 40 mg twice daily; titrate as tolerated,oral,Twice daily,With or without food,Ongoing; clinician specifies supply and review date,BP/K/renal monitoring; no additional ARB/ARNI/ACEi; contraindicated pregnancy,VAL,false,,,
rx_16,16,Non-coronary compensated CHF,outpatient,Evidence-based beta-blocker — choose one,choose_one,Bisoprolol,Stable euvolaemic HFrEF,biso,Bisoprolol,"1.25, 2.5 or 5 mg tablet",HFrEF start example: 1.25 mg daily; stable CAD/AF: clinician-selected 2.5–5 mg daily,oral,Once daily,Consistent time,Ongoing; clinician specifies supply and review date,"Check HR/BP, AV block, bronchospasm; start/titrate only when clinically stable; no routine lifelong use just because PTCA occurred",HF;CCD;AF,false,,,
rx_16,16,Non-coronary compensated CHF,outpatient,Evidence-based beta-blocker — choose one,choose_one,Metoprolol succinate ER,Stable euvolaemic HFrEF,metop,Metoprolol succinate ER,25 mg extended-release tablet,HFrEF/CAD maintenance start example: 12.5–25 mg daily; titrate,oral,Once daily,With/after food consistently,Ongoing; clinician specifies supply and review date,Use ER formulation for HFrEF; HR/BP/AV block and bronchospasm; do not duplicate beta-blockers,HF;CCD,false,,,
rx_16,16,Non-coronary compensated CHF,outpatient,SGLT2 inhibitor,choose_one,Dapagliflozin,Eligible stable HF,dapa,Dapagliflozin,5 or 10 mg tablet,"Glycaemic start: 5 mg daily, may increase to 10 mg; HF/CKD indication: 10 mg daily",oral,Once daily,With or without food,Ongoing; clinician specifies supply and review date,Indication-specific eGFR (HF/CKD initiation generally ≥25); glycaemic efficacy reduced <45; volume/genital infection/DKA review; hold ≥3 days before surgery; sick-day instructions,DAPA,false,,,
rx_16,16,Non-coronary compensated CHF,outpatient,MRA,choose_one,Spironolactone,Eligible K/eGFR,spiro,Spironolactone,25 mg tablet,12.5–25 mg daily initiation example,oral,Once daily,Consistent relation to food,Ongoing; clinician specifies supply and review date,"HFrEF initiation generally requires eGFR >30 and K <5; resistant HTN use requires additional caution/eligibility; recheck K/creatinine within 3–7 days and after titration Resistant hypertension: ESC approach generally restricts use to eGFR ≥30 and K ≤4.5, with increased hyperkalaemia risk in CKD; confirm local eligibility.",HF;BP,false,,,
rx_16,16,Non-coronary compensated CHF,outpatient,Loop diuretic,choose_one,Torsemide,Congestion present,torse,Torsemide,10 mg tablet,10–20 mg daily initiation example; adjust to congestion,oral,Once daily initially,Morning,Ongoing; clinician specifies supply and review date,"Use only if volume indication; daily weight, renal/Na/K; avoid overdiuresis",HF,false,,,
rx_17,17,AF with fast ventricular response,urgent_assessment,Rate control alternatives,choose_one,Bisoprolol,"Select by HR, BP, LVEF and comorbidity; do not stack without review",biso,Bisoprolol,"1.25, 2.5 or 5 mg tablet",HFrEF start example: 1.25 mg daily; stable CAD/AF: clinician-selected 2.5–5 mg daily,oral,Once daily,Consistent time,Ongoing; clinician specifies supply and review date,"Check HR/BP, AV block, bronchospasm; start/titrate only when clinically stable; no routine lifelong use just because PTCA occurred",HF;CCD;AF,false,,,
rx_17,17,AF with fast ventricular response,urgent_assessment,Rate control alternatives,choose_one,Metoprolol succinate ER,"Select by HR, BP, LVEF and comorbidity; do not stack without review",metop,Metoprolol succinate ER,25 mg extended-release tablet,HFrEF/CAD maintenance start example: 12.5–25 mg daily; titrate,oral,Once daily,With/after food consistently,Ongoing; clinician specifies supply and review date,Use ER formulation for HFrEF; HR/BP/AV block and bronchospasm; do not duplicate beta-blockers,HF;CCD,false,,,
rx_17,17,AF with fast ventricular response,urgent_assessment,Rate control alternatives,choose_one,Diltiazem ER,"Select by HR, BP, LVEF and comorbidity; do not stack without review",dilt,Diltiazem ER,Extended-release product; strength clinician-selected,CLINICIAN ENTRY REQUIRED,oral,Product-specific daily regimen,Clinician selects exact formulation,Ongoing; clinician specifies supply and review date,Rate control only if LVEF >40% and no decompensated HF; avoid pre-excited AF and casually combining with beta-blocker; verify exact ER product.,AF,false,,,
rx_17,17,AF with fast ventricular response,urgent_assessment,Rate control alternatives,choose_one,Digoxin,"Select by HR, BP, LVEF and comorbidity; do not stack without review",digoxin,Digoxin,62.5 or 125 micrograms tablet,CLINICIAN ENTRY REQUIRED,oral,Renal/age-specific regimen,Clinician enters dose in micrograms,Ongoing; clinician specifies supply and review date,"Selected AF/HF indication; eGFR, K/Mg, interacting drugs and serum level as indicated; no automated loading",AF,false,,,
rx_17,17,AF with fast ventricular response,urgent_assessment,Stroke prevention option,choose_one,Apixaban,Eligible nonvalvular AF with documented stroke-risk indication,apix,Apixaban,2.5 or 5 mg tablet,"NVAF: 5 mg twice daily; 2.5 mg twice daily if at least 2 of age ≥80, weight ≤60 kg, serum creatinine ≥1.5 mg/dL",oral,Twice daily,With or without food,Ongoing; clinician specifies supply and review date,"Confirm renal/local label, interactions and bleeding; mechanical valve/moderate-severe mitral stenosis need different anticoagulation pathway; avoid reflex aspirin",APIX,false,,,
rx_18a,18A,AF with controlled ventricular response,outpatient,Rate control alternatives,choose_one,Bisoprolol,"Select by HR, BP, LVEF and comorbidity; do not stack without review",biso,Bisoprolol,"1.25, 2.5 or 5 mg tablet",HFrEF start example: 1.25 mg daily; stable CAD/AF: clinician-selected 2.5–5 mg daily,oral,Once daily,Consistent time,Ongoing; clinician specifies supply and review date,"Check HR/BP, AV block, bronchospasm; start/titrate only when clinically stable; no routine lifelong use just because PTCA occurred",HF;CCD;AF,false,,,
rx_18a,18A,AF with controlled ventricular response,outpatient,Rate control alternatives,choose_one,Metoprolol succinate ER,"Select by HR, BP, LVEF and comorbidity; do not stack without review",metop,Metoprolol succinate ER,25 mg extended-release tablet,HFrEF/CAD maintenance start example: 12.5–25 mg daily; titrate,oral,Once daily,With/after food consistently,Ongoing; clinician specifies supply and review date,Use ER formulation for HFrEF; HR/BP/AV block and bronchospasm; do not duplicate beta-blockers,HF;CCD,false,,,
rx_18a,18A,AF with controlled ventricular response,outpatient,Rate control alternatives,choose_one,Diltiazem ER,"Select by HR, BP, LVEF and comorbidity; do not stack without review",dilt,Diltiazem ER,Extended-release product; strength clinician-selected,CLINICIAN ENTRY REQUIRED,oral,Product-specific daily regimen,Clinician selects exact formulation,Ongoing; clinician specifies supply and review date,Rate control only if LVEF >40% and no decompensated HF; avoid pre-excited AF and casually combining with beta-blocker; verify exact ER product.,AF,false,,,
rx_18a,18A,AF with controlled ventricular response,outpatient,Rate control alternatives,choose_one,Digoxin,"Select by HR, BP, LVEF and comorbidity; do not stack without review",digoxin,Digoxin,62.5 or 125 micrograms tablet,CLINICIAN ENTRY REQUIRED,oral,Renal/age-specific regimen,Clinician enters dose in micrograms,Ongoing; clinician specifies supply and review date,"Selected AF/HF indication; eGFR, K/Mg, interacting drugs and serum level as indicated; no automated loading",AF,false,,,
rx_18a,18A,AF with controlled ventricular response,outpatient,Stroke prevention option,choose_one,Apixaban,Eligible nonvalvular AF with documented stroke-risk indication,apix,Apixaban,2.5 or 5 mg tablet,"NVAF: 5 mg twice daily; 2.5 mg twice daily if at least 2 of age ≥80, weight ≤60 kg, serum creatinine ≥1.5 mg/dL",oral,Twice daily,With or without food,Ongoing; clinician specifies supply and review date,"Confirm renal/local label, interactions and bleeding; mechanical valve/moderate-severe mitral stenosis need different anticoagulation pathway; avoid reflex aspirin",APIX,false,,,
rx_18b,18B,PSVT,acute_and_specialist,Acute monitored option,choose_one,Adenosine,Stable regular SVT after appropriate vagal manoeuvre; no contraindication,adenosine,Adenosine,Injection,"6 mg rapid IV bolus and flush; if ineffective, 12 mg per monitored protocol",intravenous,Acute monitored doses,ECG/resuscitation equipment required,Hospital procedure only,Regular narrow-complex SVT only after rhythm assessment; avoid pre-excited AF/irregular wide-complex rhythms; asthma/bronchospasm and drug interactions,SVT,false,,,
rx_18b,18B,PSVT,acute_and_specialist,Prevention option,choose_one,Bisoprolol,Selected recurrent SVT without pre-excitation after specialist assessment,biso,Bisoprolol,"1.25, 2.5 or 5 mg tablet",HFrEF start example: 1.25 mg daily; stable CAD/AF: clinician-selected 2.5–5 mg daily,oral,Once daily,Consistent time,Ongoing; clinician specifies supply and review date,"Check HR/BP, AV block, bronchospasm; start/titrate only when clinically stable; no routine lifelong use just because PTCA occurred",HF;CCD;AF,false,,,
rx_18b,18B,PSVT,acute_and_specialist,Prevention option,choose_one,Metoprolol succinate ER,Selected recurrent SVT without pre-excitation after specialist assessment,metop,Metoprolol succinate ER,25 mg extended-release tablet,HFrEF/CAD maintenance start example: 12.5–25 mg daily; titrate,oral,Once daily,With/after food consistently,Ongoing; clinician specifies supply and review date,Use ER formulation for HFrEF; HR/BP/AV block and bronchospasm; do not duplicate beta-blockers,HF;CCD,false,,,
rx_19,19,Dyslipidaemia — high triglycerides,outpatient,ASCVD risk statin — choose one,choose_one,Rosuvastatin,Risk-based indication,rosu,Rosuvastatin,"5, 10, 20 or 40 mg tablet",Risk-selected: 5–10 mg moderate intensity; 20–40 mg high intensity,oral,Once daily,Any consistent time,Ongoing; clinician specifies supply and review date,"Cited label: Asian patients start 5 mg; severe renal impairment (CrCl <30, not dialysis) start 5 mg, maximum 10 mg/day. Select intensity within local label, renal and interaction limits; muscle/liver/pregnancy review.",LIPID;ROSU,false,,,
rx_19,19,Dyslipidaemia — high triglycerides,outpatient,ASCVD risk statin — choose one,choose_one,Atorvastatin,Risk-based indication,ator,Atorvastatin,"10, 20, 40 or 80 mg tablet",Risk-selected: 10–20 mg moderate intensity; 40–80 mg high intensity,oral,Once daily,Any consistent time,Ongoing; clinician specifies supply and review date,"Liver disease, interactions, muscle symptoms and pregnancy plan; select one statin",LIPID,false,,,
rx_19,19,Dyslipidaemia — high triglycerides,outpatient,Severe TG option,choose_one,Fenofibrate,Persistently ≥500 mg/dL after secondary-cause/diet review; pancreatitis-risk strategy,fenofibrate,Fenofibrate,48 or 145 mg tablet (product-dependent),145 mg daily if renal function suitable; eGFR 30–<60: start 48 mg daily,oral,Once daily,Follow exact formulation food instruction,Ongoing; clinician specifies supply and review date,Avoid eGFR <30; monitor creatinine/LFT and statin-associated myopathy; not interchangeable milligram-for-milligram across products,FENO,false,,,
rx_19,19,Dyslipidaemia — high triglycerides,outpatient,Selected residual-risk EPA option,choose_one,Icosapent ethyl,Eligible persistent TG/ASCVD or diabetes risk on statin; not routine for every raised TG,ipe,Icosapent ethyl,1 g capsule,2 g per dose,oral,Twice daily,With meals,Ongoing; clinician specifies supply and review date,Selected persistent TG/ASCVD-risk indication; bleeding/AF review; not interchangeable with OTC fish oil,LIPID;IPE,false,,,
rx_20,20,Dyslipidaemia — high LDL,outpatient,Statin — choose one,choose_one,Rosuvastatin,Risk-selected intensity,rosu,Rosuvastatin,"5, 10, 20 or 40 mg tablet",Risk-selected: 5–10 mg moderate intensity; 20–40 mg high intensity,oral,Once daily,Any consistent time,Ongoing; clinician specifies supply and review date,"Cited label: Asian patients start 5 mg; severe renal impairment (CrCl <30, not dialysis) start 5 mg, maximum 10 mg/day. Select intensity within local label, renal and interaction limits; muscle/liver/pregnancy review.",LIPID;ROSU,false,,,
rx_20,20,Dyslipidaemia — high LDL,outpatient,Statin — choose one,choose_one,Atorvastatin,Risk-selected intensity,ator,Atorvastatin,"10, 20, 40 or 80 mg tablet",Risk-selected: 10–20 mg moderate intensity; 40–80 mg high intensity,oral,Once daily,Any consistent time,Ongoing; clinician specifies supply and review date,"Liver disease, interactions, muscle symptoms and pregnancy plan; select one statin",LIPID,false,,,
rx_20,20,Dyslipidaemia — high LDL,outpatient,Add-on,choose_one,Ezetimibe,LDL above goal despite tolerated statin or specific intolerance plan,ezet,Ezetimibe,10 mg tablet,10 mg daily,oral,Once daily,With or without food,Ongoing; clinician specifies supply and review date,Consider if LDL remains above individual goal on tolerated statin; hepatic review,LIPID,false,,,
rx_21,21,Hypertension — stage 1,outpatient,Single first-line agent alternatives,choose_one,Telmisartan,Medication indicated after risk/context assessment,telmi,Telmisartan,20 or 40 mg tablet,40 mg daily; lower start if appropriate,oral,Once daily,With or without food,Ongoing; clinician specifies supply and review date,Creatinine/K and volume status; contraindicated pregnancy; no ACE inhibitor or additional ARB,TA,false,,,
rx_21,21,Hypertension — stage 1,outpatient,Single first-line agent alternatives,choose_one,Amlodipine,Medication indicated after risk/context assessment,amlod,Amlodipine,2.5 or 5 mg tablet,5 mg daily; frail/elderly may start 2.5 mg,oral,Once daily,With or without food,Ongoing; clinician specifies supply and review date,"Edema, orthostatic BP, hepatic impairment; not a treatment for acute hypertensive emergency",TA,false,,,
rx_21,21,Hypertension — stage 1,outpatient,Single first-line agent alternatives,choose_one,Chlorthalidone,Medication indicated after risk/context assessment,chlorth,Chlorthalidone,12.5 mg tablet,12.5 mg daily,oral,Once daily,Morning,Ongoing; clinician specifies supply and review date,Check Na/K/creatinine and gout; adjust diuretic strategy in advanced CKD,BP,false,,,
rx_22,22,Hypertension — stage II,outpatient,Two complementary agents,choose_one,ARB + CCB,Eligible adult; individual or verified 40/5 mg fixed combination,telmi,Telmisartan,20 or 40 mg tablet,40 mg daily; lower start if appropriate,oral,Once daily,With or without food,Ongoing; clinician specifies supply and review date,Creatinine/K and volume status; contraindicated pregnancy; no ACE inhibitor or additional ARB,TA,false,,,
rx_22,22,Hypertension — stage II,outpatient,Two complementary agents,choose_one,ARB + CCB,Eligible adult; individual or verified 40/5 mg fixed combination,amlod,Amlodipine,2.5 or 5 mg tablet,5 mg daily; frail/elderly may start 2.5 mg,oral,Once daily,With or without food,Ongoing; clinician specifies supply and review date,"Edema, orthostatic BP, hepatic impairment; not a treatment for acute hypertensive emergency",TA,false,,,
rx_22,22,Hypertension — stage II,outpatient,Two complementary agents,choose_one,ARB + thiazide-like,Eligible adult; renal/electrolyte review,telmi,Telmisartan,20 or 40 mg tablet,40 mg daily; lower start if appropriate,oral,Once daily,With or without food,Ongoing; clinician specifies supply and review date,Creatinine/K and volume status; contraindicated pregnancy; no ACE inhibitor or additional ARB,TA,false,,,
rx_22,22,Hypertension — stage II,outpatient,Two complementary agents,choose_one,ARB + thiazide-like,Eligible adult; renal/electrolyte review,chlorth,Chlorthalidone,12.5 mg tablet,12.5 mg daily,oral,Once daily,Morning,Ongoing; clinician specifies supply and review date,Check Na/K/creatinine and gout; adjust diuretic strategy in advanced CKD,BP,false,,,
rx_23,23,Hypertension — stage 3 (classification required),urgent_assessment,Two complementary agents,choose_one,ARB + CCB,Eligible adult; individual or verified 40/5 mg fixed combination,telmi,Telmisartan,20 or 40 mg tablet,40 mg daily; lower start if appropriate,oral,Once daily,With or without food,Ongoing; clinician specifies supply and review date,Creatinine/K and volume status; contraindicated pregnancy; no ACE inhibitor or additional ARB,TA,false,,,
rx_23,23,Hypertension — stage 3 (classification required),urgent_assessment,Two complementary agents,choose_one,ARB + CCB,Eligible adult; individual or verified 40/5 mg fixed combination,amlod,Amlodipine,2.5 or 5 mg tablet,5 mg daily; frail/elderly may start 2.5 mg,oral,Once daily,With or without food,Ongoing; clinician specifies supply and review date,"Edema, orthostatic BP, hepatic impairment; not a treatment for acute hypertensive emergency",TA,false,,,
rx_23,23,Hypertension — stage 3 (classification required),urgent_assessment,Two complementary agents,choose_one,ARB + thiazide-like,Eligible adult; renal/electrolyte review,telmi,Telmisartan,20 or 40 mg tablet,40 mg daily; lower start if appropriate,oral,Once daily,With or without food,Ongoing; clinician specifies supply and review date,Creatinine/K and volume status; contraindicated pregnancy; no ACE inhibitor or additional ARB,TA,false,,,
rx_23,23,Hypertension — stage 3 (classification required),urgent_assessment,Two complementary agents,choose_one,ARB + thiazide-like,Eligible adult; renal/electrolyte review,chlorth,Chlorthalidone,12.5 mg tablet,12.5 mg daily,oral,Once daily,Morning,Ongoing; clinician specifies supply and review date,Check Na/K/creatinine and gout; adjust diuretic strategy in advanced CKD,BP,false,,,
rx_23,23,Hypertension — stage 3 (classification required),urgent_assessment,Three complementary agents,choose_one,ARB + CCB + thiazide-like,Persistent uncontrolled BP and eligible renal/electrolyte status,telmi,Telmisartan,20 or 40 mg tablet,40 mg daily; lower start if appropriate,oral,Once daily,With or without food,Ongoing; clinician specifies supply and review date,Creatinine/K and volume status; contraindicated pregnancy; no ACE inhibitor or additional ARB,TA,false,,,
rx_23,23,Hypertension — stage 3 (classification required),urgent_assessment,Three complementary agents,choose_one,ARB + CCB + thiazide-like,Persistent uncontrolled BP and eligible renal/electrolyte status,amlod,Amlodipine,2.5 or 5 mg tablet,5 mg daily; frail/elderly may start 2.5 mg,oral,Once daily,With or without food,Ongoing; clinician specifies supply and review date,"Edema, orthostatic BP, hepatic impairment; not a treatment for acute hypertensive emergency",TA,false,,,
rx_23,23,Hypertension — stage 3 (classification required),urgent_assessment,Three complementary agents,choose_one,ARB + CCB + thiazide-like,Persistent uncontrolled BP and eligible renal/electrolyte status,chlorth,Chlorthalidone,12.5 mg tablet,12.5 mg daily,oral,Once daily,Morning,Ongoing; clinician specifies supply and review date,Check Na/K/creatinine and gout; adjust diuretic strategy in advanced CKD,BP,false,,,
rx_24,24,Hypertension — stage 4 (unclassified severe BP triage),triage_only,,,Clinical workflow only — no default drug order,,,,,,,,,,,,false,,,
rx_25,25,Hypertension — secondary,outpatient,Single first-line agent alternatives,choose_one,Telmisartan,Medication indicated after risk/context assessment,telmi,Telmisartan,20 or 40 mg tablet,40 mg daily; lower start if appropriate,oral,Once daily,With or without food,Ongoing; clinician specifies supply and review date,Creatinine/K and volume status; contraindicated pregnancy; no ACE inhibitor or additional ARB,TA,false,,,
rx_25,25,Hypertension — secondary,outpatient,Single first-line agent alternatives,choose_one,Amlodipine,Medication indicated after risk/context assessment,amlod,Amlodipine,2.5 or 5 mg tablet,5 mg daily; frail/elderly may start 2.5 mg,oral,Once daily,With or without food,Ongoing; clinician specifies supply and review date,"Edema, orthostatic BP, hepatic impairment; not a treatment for acute hypertensive emergency",TA,false,,,
rx_25,25,Hypertension — secondary,outpatient,Single first-line agent alternatives,choose_one,Chlorthalidone,Medication indicated after risk/context assessment,chlorth,Chlorthalidone,12.5 mg tablet,12.5 mg daily,oral,Once daily,Morning,Ongoing; clinician specifies supply and review date,Check Na/K/creatinine and gout; adjust diuretic strategy in advanced CKD,BP,false,,,
rx_25,25,Hypertension — secondary,outpatient,Two complementary agents,choose_one,ARB + CCB,Eligible adult; individual or verified 40/5 mg fixed combination,telmi,Telmisartan,20 or 40 mg tablet,40 mg daily; lower start if appropriate,oral,Once daily,With or without food,Ongoing; clinician specifies supply and review date,Creatinine/K and volume status; contraindicated pregnancy; no ACE inhibitor or additional ARB,TA,false,,,
rx_25,25,Hypertension — secondary,outpatient,Two complementary agents,choose_one,ARB + CCB,Eligible adult; individual or verified 40/5 mg fixed combination,amlod,Amlodipine,2.5 or 5 mg tablet,5 mg daily; frail/elderly may start 2.5 mg,oral,Once daily,With or without food,Ongoing; clinician specifies supply and review date,"Edema, orthostatic BP, hepatic impairment; not a treatment for acute hypertensive emergency",TA,false,,,
rx_25,25,Hypertension — secondary,outpatient,Two complementary agents,choose_one,ARB + thiazide-like,Eligible adult; renal/electrolyte review,telmi,Telmisartan,20 or 40 mg tablet,40 mg daily; lower start if appropriate,oral,Once daily,With or without food,Ongoing; clinician specifies supply and review date,Creatinine/K and volume status; contraindicated pregnancy; no ACE inhibitor or additional ARB,TA,false,,,
rx_25,25,Hypertension — secondary,outpatient,Two complementary agents,choose_one,ARB + thiazide-like,Eligible adult; renal/electrolyte review,chlorth,Chlorthalidone,12.5 mg tablet,12.5 mg daily,oral,Once daily,Morning,Ongoing; clinician specifies supply and review date,Check Na/K/creatinine and gout; adjust diuretic strategy in advanced CKD,BP,false,,,
rx_26,26,Hypertension — resistant,outpatient,Three complementary agents,choose_one,ARB + CCB + thiazide-like,Persistent uncontrolled BP and eligible renal/electrolyte status,telmi,Telmisartan,20 or 40 mg tablet,40 mg daily; lower start if appropriate,oral,Once daily,With or without food,Ongoing; clinician specifies supply and review date,Creatinine/K and volume status; contraindicated pregnancy; no ACE inhibitor or additional ARB,TA,false,,,
rx_26,26,Hypertension — resistant,outpatient,Three complementary agents,choose_one,ARB + CCB + thiazide-like,Persistent uncontrolled BP and eligible renal/electrolyte status,amlod,Amlodipine,2.5 or 5 mg tablet,5 mg daily; frail/elderly may start 2.5 mg,oral,Once daily,With or without food,Ongoing; clinician specifies supply and review date,"Edema, orthostatic BP, hepatic impairment; not a treatment for acute hypertensive emergency",TA,false,,,
rx_26,26,Hypertension — resistant,outpatient,Three complementary agents,choose_one,ARB + CCB + thiazide-like,Persistent uncontrolled BP and eligible renal/electrolyte status,chlorth,Chlorthalidone,12.5 mg tablet,12.5 mg daily,oral,Once daily,Morning,Ongoing; clinician specifies supply and review date,Check Na/K/creatinine and gout; adjust diuretic strategy in advanced CKD,BP,false,,,
rx_26,26,Hypertension — resistant,outpatient,Fourth agent candidate,choose_one,Spironolactone,Specialist-confirmed resistant HTN with suitable K/eGFR,spiro,Spironolactone,25 mg tablet,12.5–25 mg daily initiation example,oral,Once daily,Consistent relation to food,Ongoing; clinician specifies supply and review date,"HFrEF initiation generally requires eGFR >30 and K <5; resistant HTN use requires additional caution/eligibility; recheck K/creatinine within 3–7 days and after titration Resistant hypertension: ESC approach generally restricts use to eGFR ≥30 and K ≤4.5, with increased hyperkalaemia risk in CKD; confirm local eligibility.",HF;BP,false,,,
rx_27,27,Hypertension — peripartum,obstetric_review,Oral agent alternatives,choose_one,Labetalol,Nonsevere BP after obstetric assessment; select suitable agent,labet,Labetalol,100 mg tablet,100 mg twice daily initiation example,oral,Twice daily,With food consistently,Ongoing; clinician specifies supply and review date,"Pregnancy team review; asthma, bradycardia/heart block or decompensated HF may make unsuitable",LAB;PREG,false,,,
rx_27,27,Hypertension — peripartum,obstetric_review,Oral agent alternatives,choose_one,Nifedipine ER,Nonsevere BP after obstetric assessment; select suitable agent,nif,Nifedipine ER,30 mg extended-release tablet,30 mg daily initiation example,oral,Once daily,Follow product food instruction; swallow whole,Ongoing; clinician specifies supply and review date,Pregnancy team review; verify ER product; never sublingual nifedipine for emergency BP reduction,NIF;PREG,false,,,
rx_28,28,Type 1 diabetes,outpatient,Basal-bolus framework,choose_one,Basal + mealtime insulin,Multiple daily injections selected; enter individual doses,basal,Insulin glargine U-100,100 units/mL pen or vial,CLINICIAN ENTRY REQUIRED,subcutaneous,Once daily,Same chosen time daily,Ongoing; clinician specifies supply and review date,"Enter units, device/concentration and titration plan; do not copy sample doses; glucose monitoring and hypoglycaemia plan",ADA,false,,,
rx_28,28,Type 1 diabetes,outpatient,Basal-bolus framework,choose_one,Basal + mealtime insulin,Multiple daily injections selected; enter individual doses,rapid,Insulin aspart,100 units/mL pen or vial,CLINICIAN ENTRY REQUIRED,subcutaneous,With selected meals,Product-specific relation to meals,Ongoing; clinician specifies supply and review date,Separate breakfast/lunch/dinner units; carbohydrates/correction factor; never a generic sliding scale alone; avoid dose stacking,ADA,false,,,
rx_29,29,"Type 2 diabetes — new, 1 drug",outpatient,Choose one initial agent,choose_one,Metformin ER,Metformin if appropriate; comorbidity-directed alternative if indicated,metformin,Metformin ER,500 mg extended-release tablet,500 mg daily initially; titrate by 500 mg weekly if appropriate,oral,Once daily initially,With evening meal; swallow whole,Ongoing; clinician specifies supply and review date,Do not initiate eGFR 30–45 under cited label; contraindicated eGFR <30; reassess acute hypoxia/AKI/contrast; B12 review,MET,false,,,
rx_29,29,"Type 2 diabetes — new, 1 drug",outpatient,Choose one initial agent,choose_one,Dapagliflozin,Metformin if appropriate; comorbidity-directed alternative if indicated,dapa,Dapagliflozin,5 or 10 mg tablet,"Glycaemic start: 5 mg daily, may increase to 10 mg; HF/CKD indication: 10 mg daily",oral,Once daily,With or without food,Ongoing; clinician specifies supply and review date,Indication-specific eGFR (HF/CKD initiation generally ≥25); glycaemic efficacy reduced <45; volume/genital infection/DKA review; hold ≥3 days before surgery; sick-day instructions,DAPA,false,,,
rx_29,29,"Type 2 diabetes — new, 1 drug",outpatient,Choose one initial agent,choose_one,Semaglutide SC,Metformin if appropriate; comorbidity-directed alternative if indicated,sema,Semaglutide SC,Dose-selectable injection pen; verify product,"0.25 mg weekly for 4 weeks, then 0.5 mg weekly if tolerated",subcutaneous,Once weekly,Same weekday; with or without food,Ongoing; clinician specifies supply and review date,"T2DM product; initiation dose is not maintenance; MTC/MEN2, pancreatitis/gastroparesis/retinopathy review; no DPP-4 combination; pregnancy plan",SEMA,false,,,
rx_30,30,"Type 2 diabetes — new, 2 drugs",outpatient,Two-agent alternatives,choose_one,Metformin + SGLT2,Cardiorenal/metabolic eligibility,metformin,Metformin ER,500 mg extended-release tablet,500 mg daily initially; titrate by 500 mg weekly if appropriate,oral,Once daily initially,With evening meal; swallow whole,Ongoing; clinician specifies supply and review date,Do not initiate eGFR 30–45 under cited label; contraindicated eGFR <30; reassess acute hypoxia/AKI/contrast; B12 review,MET,false,,,
rx_30,30,"Type 2 diabetes — new, 2 drugs",outpatient,Two-agent alternatives,choose_one,Metformin + SGLT2,Cardiorenal/metabolic eligibility,dapa,Dapagliflozin,5 or 10 mg tablet,"Glycaemic start: 5 mg daily, may increase to 10 mg; HF/CKD indication: 10 mg daily",oral,Once daily,With or without food,Ongoing; clinician specifies supply and review date,Indication-specific eGFR (HF/CKD initiation generally ≥25); glycaemic efficacy reduced <45; volume/genital infection/DKA review; hold ≥3 days before surgery; sick-day instructions,DAPA,false,,,
rx_30,30,"Type 2 diabetes — new, 2 drugs",outpatient,Two-agent alternatives,choose_one,Metformin + GLP-1,Weight/ASCVD or glycaemic indication,metformin,Metformin ER,500 mg extended-release tablet,500 mg daily initially; titrate by 500 mg weekly if appropriate,oral,Once daily initially,With evening meal; swallow whole,Ongoing; clinician specifies supply and review date,Do not initiate eGFR 30–45 under cited label; contraindicated eGFR <30; reassess acute hypoxia/AKI/contrast; B12 review,MET,false,,,
rx_30,30,"Type 2 diabetes — new, 2 drugs",outpatient,Two-agent alternatives,choose_one,Metformin + GLP-1,Weight/ASCVD or glycaemic indication,sema,Semaglutide SC,Dose-selectable injection pen; verify product,"0.25 mg weekly for 4 weeks, then 0.5 mg weekly if tolerated",subcutaneous,Once weekly,Same weekday; with or without food,Ongoing; clinician specifies supply and review date,"T2DM product; initiation dose is not maintenance; MTC/MEN2, pancreatitis/gastroparesis/retinopathy review; no DPP-4 combination; pregnancy plan",SEMA,false,,,
rx_30,30,"Type 2 diabetes — new, 2 drugs",outpatient,Two-agent alternatives,choose_one,Metformin + DPP-4,Appropriate low-hypoglycaemia alternative,metformin,Metformin ER,500 mg extended-release tablet,500 mg daily initially; titrate by 500 mg weekly if appropriate,oral,Once daily initially,With evening meal; swallow whole,Ongoing; clinician specifies supply and review date,Do not initiate eGFR 30–45 under cited label; contraindicated eGFR <30; reassess acute hypoxia/AKI/contrast; B12 review,MET,false,,,
rx_30,30,"Type 2 diabetes — new, 2 drugs",outpatient,Two-agent alternatives,choose_one,Metformin + DPP-4,Appropriate low-hypoglycaemia alternative,sita,Sitagliptin,"25, 50 or 100 mg tablet",100 mg daily if eGFR ≥45; 50 mg if 30–<45; 25 mg if <30,oral,Once daily,With or without food,Ongoing; clinician specifies supply and review date,Renal dosing; pancreatitis review; do not combine with GLP-1 therapy,SITA,false,,,
rx_30,30,"Type 2 diabetes — new, 2 drugs",outpatient,Two-agent alternatives,choose_one,Metformin + sulfonylurea,Cost-sensitive eligible patient; hypoglycaemia plan,metformin,Metformin ER,500 mg extended-release tablet,500 mg daily initially; titrate by 500 mg weekly if appropriate,oral,Once daily initially,With evening meal; swallow whole,Ongoing; clinician specifies supply and review date,Do not initiate eGFR 30–45 under cited label; contraindicated eGFR <30; reassess acute hypoxia/AKI/contrast; B12 review,MET,false,,,
rx_30,30,"Type 2 diabetes — new, 2 drugs",outpatient,Two-agent alternatives,choose_one,Metformin + sulfonylurea,Cost-sensitive eligible patient; hypoglycaemia plan,glimep,Glimepiride,1 mg tablet,1 mg daily initiation example,oral,Once daily,With breakfast/first main meal,Ongoing; clinician specifies supply and review date,"Hypoglycaemia, meal reliability and renal/elderly risk; avoid duplicate SU; reassess when insulin added",SU,false,,,
rx_31,31,Type 2 diabetes — 3 drugs,outpatient,Three-agent alternatives,choose_one,Metformin + SGLT2 + GLP-1,Eligible metabolic/cardiorenal selection,metformin,Metformin ER,500 mg extended-release tablet,500 mg daily initially; titrate by 500 mg weekly if appropriate,oral,Once daily initially,With evening meal; swallow whole,Ongoing; clinician specifies supply and review date,Do not initiate eGFR 30–45 under cited label; contraindicated eGFR <30; reassess acute hypoxia/AKI/contrast; B12 review,MET,false,,,
rx_31,31,Type 2 diabetes — 3 drugs,outpatient,Three-agent alternatives,choose_one,Metformin + SGLT2 + GLP-1,Eligible metabolic/cardiorenal selection,dapa,Dapagliflozin,5 or 10 mg tablet,"Glycaemic start: 5 mg daily, may increase to 10 mg; HF/CKD indication: 10 mg daily",oral,Once daily,With or without food,Ongoing; clinician specifies supply and review date,Indication-specific eGFR (HF/CKD initiation generally ≥25); glycaemic efficacy reduced <45; volume/genital infection/DKA review; hold ≥3 days before surgery; sick-day instructions,DAPA,false,,,
rx_31,31,Type 2 diabetes — 3 drugs,outpatient,Three-agent alternatives,choose_one,Metformin + SGLT2 + GLP-1,Eligible metabolic/cardiorenal selection,sema,Semaglutide SC,Dose-selectable injection pen; verify product,"0.25 mg weekly for 4 weeks, then 0.5 mg weekly if tolerated",subcutaneous,Once weekly,Same weekday; with or without food,Ongoing; clinician specifies supply and review date,"T2DM product; initiation dose is not maintenance; MTC/MEN2, pancreatitis/gastroparesis/retinopathy review; no DPP-4 combination; pregnancy plan",SEMA,false,,,
rx_31,31,Type 2 diabetes — 3 drugs,outpatient,Three-agent alternatives,choose_one,Metformin + SGLT2 + DPP-4,Eligible alternative,metformin,Metformin ER,500 mg extended-release tablet,500 mg daily initially; titrate by 500 mg weekly if appropriate,oral,Once daily initially,With evening meal; swallow whole,Ongoing; clinician specifies supply and review date,Do not initiate eGFR 30–45 under cited label; contraindicated eGFR <30; reassess acute hypoxia/AKI/contrast; B12 review,MET,false,,,
rx_31,31,Type 2 diabetes — 3 drugs,outpatient,Three-agent alternatives,choose_one,Metformin + SGLT2 + DPP-4,Eligible alternative,dapa,Dapagliflozin,5 or 10 mg tablet,"Glycaemic start: 5 mg daily, may increase to 10 mg; HF/CKD indication: 10 mg daily",oral,Once daily,With or without food,Ongoing; clinician specifies supply and review date,Indication-specific eGFR (HF/CKD initiation generally ≥25); glycaemic efficacy reduced <45; volume/genital infection/DKA review; hold ≥3 days before surgery; sick-day instructions,DAPA,false,,,
rx_31,31,Type 2 diabetes — 3 drugs,outpatient,Three-agent alternatives,choose_one,Metformin + SGLT2 + DPP-4,Eligible alternative,sita,Sitagliptin,"25, 50 or 100 mg tablet",100 mg daily if eGFR ≥45; 50 mg if 30–<45; 25 mg if <30,oral,Once daily,With or without food,Ongoing; clinician specifies supply and review date,Renal dosing; pancreatitis review; do not combine with GLP-1 therapy,SITA,false,,,
rx_31,31,Type 2 diabetes — 3 drugs,outpatient,Three-agent alternatives,choose_one,Metformin + SGLT2 + sulfonylurea,Hypoglycaemia/cost reviewed,metformin,Metformin ER,500 mg extended-release tablet,500 mg daily initially; titrate by 500 mg weekly if appropriate,oral,Once daily initially,With evening meal; swallow whole,Ongoing; clinician specifies supply and review date,Do not initiate eGFR 30–45 under cited label; contraindicated eGFR <30; reassess acute hypoxia/AKI/contrast; B12 review,MET,false,,,
rx_31,31,Type 2 diabetes — 3 drugs,outpatient,Three-agent alternatives,choose_one,Metformin + SGLT2 + sulfonylurea,Hypoglycaemia/cost reviewed,dapa,Dapagliflozin,5 or 10 mg tablet,"Glycaemic start: 5 mg daily, may increase to 10 mg; HF/CKD indication: 10 mg daily",oral,Once daily,With or without food,Ongoing; clinician specifies supply and review date,Indication-specific eGFR (HF/CKD initiation generally ≥25); glycaemic efficacy reduced <45; volume/genital infection/DKA review; hold ≥3 days before surgery; sick-day instructions,DAPA,false,,,
rx_31,31,Type 2 diabetes — 3 drugs,outpatient,Three-agent alternatives,choose_one,Metformin + SGLT2 + sulfonylurea,Hypoglycaemia/cost reviewed,glimep,Glimepiride,1 mg tablet,1 mg daily initiation example,oral,Once daily,With breakfast/first main meal,Ongoing; clinician specifies supply and review date,"Hypoglycaemia, meal reliability and renal/elderly risk; avoid duplicate SU; reassess when insulin added",SU,false,,,
rx_32,32,Type 2 diabetes — 4 drugs,complex_regimen_review,Review candidate — not automatic escalation,choose_one,Metformin + SGLT2 + GLP-1 + sulfonylurea,Exceptional justified regimen after adherence/dose/injectable review; reduce SU if needed,metformin,Metformin ER,500 mg extended-release tablet,500 mg daily initially; titrate by 500 mg weekly if appropriate,oral,Once daily initially,With evening meal; swallow whole,Ongoing; clinician specifies supply and review date,Do not initiate eGFR 30–45 under cited label; contraindicated eGFR <30; reassess acute hypoxia/AKI/contrast; B12 review,MET,false,,,
rx_32,32,Type 2 diabetes — 4 drugs,complex_regimen_review,Review candidate — not automatic escalation,choose_one,Metformin + SGLT2 + GLP-1 + sulfonylurea,Exceptional justified regimen after adherence/dose/injectable review; reduce SU if needed,dapa,Dapagliflozin,5 or 10 mg tablet,"Glycaemic start: 5 mg daily, may increase to 10 mg; HF/CKD indication: 10 mg daily",oral,Once daily,With or without food,Ongoing; clinician specifies supply and review date,Indication-specific eGFR (HF/CKD initiation generally ≥25); glycaemic efficacy reduced <45; volume/genital infection/DKA review; hold ≥3 days before surgery; sick-day instructions,DAPA,false,,,
rx_32,32,Type 2 diabetes — 4 drugs,complex_regimen_review,Review candidate — not automatic escalation,choose_one,Metformin + SGLT2 + GLP-1 + sulfonylurea,Exceptional justified regimen after adherence/dose/injectable review; reduce SU if needed,sema,Semaglutide SC,Dose-selectable injection pen; verify product,"0.25 mg weekly for 4 weeks, then 0.5 mg weekly if tolerated",subcutaneous,Once weekly,Same weekday; with or without food,Ongoing; clinician specifies supply and review date,"T2DM product; initiation dose is not maintenance; MTC/MEN2, pancreatitis/gastroparesis/retinopathy review; no DPP-4 combination; pregnancy plan",SEMA,false,,,
rx_32,32,Type 2 diabetes — 4 drugs,complex_regimen_review,Review candidate — not automatic escalation,choose_one,Metformin + SGLT2 + GLP-1 + sulfonylurea,Exceptional justified regimen after adherence/dose/injectable review; reduce SU if needed,glimep,Glimepiride,1 mg tablet,1 mg daily initiation example,oral,Once daily,With breakfast/first main meal,Ongoing; clinician specifies supply and review date,"Hypoglycaemia, meal reliability and renal/elderly risk; avoid duplicate SU; reassess when insulin added",SU,false,,,
rx_32,32,Type 2 diabetes — 4 drugs,complex_regimen_review,Review candidate — not automatic escalation,choose_one,Metformin + SGLT2 + DPP-4 + sulfonylurea,Exceptional cost/access-driven selection after risk review,metformin,Metformin ER,500 mg extended-release tablet,500 mg daily initially; titrate by 500 mg weekly if appropriate,oral,Once daily initially,With evening meal; swallow whole,Ongoing; clinician specifies supply and review date,Do not initiate eGFR 30–45 under cited label; contraindicated eGFR <30; reassess acute hypoxia/AKI/contrast; B12 review,MET,false,,,
rx_32,32,Type 2 diabetes — 4 drugs,complex_regimen_review,Review candidate — not automatic escalation,choose_one,Metformin + SGLT2 + DPP-4 + sulfonylurea,Exceptional cost/access-driven selection after risk review,dapa,Dapagliflozin,5 or 10 mg tablet,"Glycaemic start: 5 mg daily, may increase to 10 mg; HF/CKD indication: 10 mg daily",oral,Once daily,With or without food,Ongoing; clinician specifies supply and review date,Indication-specific eGFR (HF/CKD initiation generally ≥25); glycaemic efficacy reduced <45; volume/genital infection/DKA review; hold ≥3 days before surgery; sick-day instructions,DAPA,false,,,
rx_32,32,Type 2 diabetes — 4 drugs,complex_regimen_review,Review candidate — not automatic escalation,choose_one,Metformin + SGLT2 + DPP-4 + sulfonylurea,Exceptional cost/access-driven selection after risk review,sita,Sitagliptin,"25, 50 or 100 mg tablet",100 mg daily if eGFR ≥45; 50 mg if 30–<45; 25 mg if <30,oral,Once daily,With or without food,Ongoing; clinician specifies supply and review date,Renal dosing; pancreatitis review; do not combine with GLP-1 therapy,SITA,false,,,
rx_32,32,Type 2 diabetes — 4 drugs,complex_regimen_review,Review candidate — not automatic escalation,choose_one,Metformin + SGLT2 + DPP-4 + sulfonylurea,Exceptional cost/access-driven selection after risk review,glimep,Glimepiride,1 mg tablet,1 mg daily initiation example,oral,Once daily,With breakfast/first main meal,Ongoing; clinician specifies supply and review date,"Hypoglycaemia, meal reliability and renal/elderly risk; avoid duplicate SU; reassess when insulin added",SU,false,,,
rx_33,33,Type 2 diabetes — 5 drugs,specialist_review,"Reconciliation pool — alternatives, not a five-drug order",review_only,Metformin ER,"Reconcile actual drugs, identify duplication, then redesign regimen",metformin,Metformin ER,500 mg extended-release tablet,500 mg daily initially; titrate by 500 mg weekly if appropriate,oral,Once daily initially,With evening meal; swallow whole,Ongoing; clinician specifies supply and review date,Do not initiate eGFR 30–45 under cited label; contraindicated eGFR <30; reassess acute hypoxia/AKI/contrast; B12 review,MET,false,,,
rx_33,33,Type 2 diabetes — 5 drugs,specialist_review,"Reconciliation pool — alternatives, not a five-drug order",review_only,Dapagliflozin,"Reconcile actual drugs, identify duplication, then redesign regimen",dapa,Dapagliflozin,5 or 10 mg tablet,"Glycaemic start: 5 mg daily, may increase to 10 mg; HF/CKD indication: 10 mg daily",oral,Once daily,With or without food,Ongoing; clinician specifies supply and review date,Indication-specific eGFR (HF/CKD initiation generally ≥25); glycaemic efficacy reduced <45; volume/genital infection/DKA review; hold ≥3 days before surgery; sick-day instructions,DAPA,false,,,
rx_33,33,Type 2 diabetes — 5 drugs,specialist_review,"Reconciliation pool — alternatives, not a five-drug order",review_only,Semaglutide SC,"Reconcile actual drugs, identify duplication, then redesign regimen",sema,Semaglutide SC,Dose-selectable injection pen; verify product,"0.25 mg weekly for 4 weeks, then 0.5 mg weekly if tolerated",subcutaneous,Once weekly,Same weekday; with or without food,Ongoing; clinician specifies supply and review date,"T2DM product; initiation dose is not maintenance; MTC/MEN2, pancreatitis/gastroparesis/retinopathy review; no DPP-4 combination; pregnancy plan",SEMA,false,,,
rx_33,33,Type 2 diabetes — 5 drugs,specialist_review,"Reconciliation pool — alternatives, not a five-drug order",review_only,Sitagliptin,"Reconcile actual drugs, identify duplication, then redesign regimen",sita,Sitagliptin,"25, 50 or 100 mg tablet",100 mg daily if eGFR ≥45; 50 mg if 30–<45; 25 mg if <30,oral,Once daily,With or without food,Ongoing; clinician specifies supply and review date,Renal dosing; pancreatitis review; do not combine with GLP-1 therapy,SITA,false,,,
rx_33,33,Type 2 diabetes — 5 drugs,specialist_review,"Reconciliation pool — alternatives, not a five-drug order",review_only,Glimepiride,"Reconcile actual drugs, identify duplication, then redesign regimen",glimep,Glimepiride,1 mg tablet,1 mg daily initiation example,oral,Once daily,With breakfast/first main meal,Ongoing; clinician specifies supply and review date,"Hypoglycaemia, meal reliability and renal/elderly risk; avoid duplicate SU; reassess when insulin added",SU,false,,,
rx_33,33,Type 2 diabetes — 5 drugs,specialist_review,"Reconciliation pool — alternatives, not a five-drug order",review_only,Acarbose,"Reconcile actual drugs, identify duplication, then redesign regimen",acarbose,Acarbose,25 mg tablet,25 mg with each main meal; gradual once-daily initiation may improve tolerance,oral,Three times daily at target starting schedule,With first bite of meal,Ongoing; clinician specifies supply and review date,"GI disease/renal/liver review; if hypoglycaemia with other agents, use glucose rather than sucrose",ACAR,false,,,
rx_34,34,Type 2 diabetes — basal insulin + medicines,outpatient,Basal insulin,choose_one,Insulin glargine U-100,Enter individual once-daily units and titration,basal,Insulin glargine U-100,100 units/mL pen or vial,CLINICIAN ENTRY REQUIRED,subcutaneous,Once daily,Same chosen time daily,Ongoing; clinician specifies supply and review date,"Enter units, device/concentration and titration plan; do not copy sample doses; glucose monitoring and hypoglycaemia plan",ADA,false,,,
rx_34,34,Type 2 diabetes — basal insulin + medicines,outpatient,Eligible continuing agents,select_compatible,Metformin ER,Choose compatible indicated agents; not all together,metformin,Metformin ER,500 mg extended-release tablet,500 mg daily initially; titrate by 500 mg weekly if appropriate,oral,Once daily initially,With evening meal; swallow whole,Ongoing; clinician specifies supply and review date,Do not initiate eGFR 30–45 under cited label; contraindicated eGFR <30; reassess acute hypoxia/AKI/contrast; B12 review,MET,false,,,
rx_34,34,Type 2 diabetes — basal insulin + medicines,outpatient,Eligible continuing agents,select_compatible,Dapagliflozin,Choose compatible indicated agents; not all together,dapa,Dapagliflozin,5 or 10 mg tablet,"Glycaemic start: 5 mg daily, may increase to 10 mg; HF/CKD indication: 10 mg daily",oral,Once daily,With or without food,Ongoing; clinician specifies supply and review date,Indication-specific eGFR (HF/CKD initiation generally ≥25); glycaemic efficacy reduced <45; volume/genital infection/DKA review; hold ≥3 days before surgery; sick-day instructions,DAPA,false,,,
rx_34,34,Type 2 diabetes — basal insulin + medicines,outpatient,Eligible continuing agents,select_compatible,Semaglutide SC,Choose compatible indicated agents; not all together,sema,Semaglutide SC,Dose-selectable injection pen; verify product,"0.25 mg weekly for 4 weeks, then 0.5 mg weekly if tolerated",subcutaneous,Once weekly,Same weekday; with or without food,Ongoing; clinician specifies supply and review date,"T2DM product; initiation dose is not maintenance; MTC/MEN2, pancreatitis/gastroparesis/retinopathy review; no DPP-4 combination; pregnancy plan",SEMA,false,,,
rx_34,34,Type 2 diabetes — basal insulin + medicines,outpatient,Eligible continuing agents,select_compatible,Sitagliptin,Choose compatible indicated agents; not all together,sita,Sitagliptin,"25, 50 or 100 mg tablet",100 mg daily if eGFR ≥45; 50 mg if 30–<45; 25 mg if <30,oral,Once daily,With or without food,Ongoing; clinician specifies supply and review date,Renal dosing; pancreatitis review; do not combine with GLP-1 therapy,SITA,false,,,
rx_35,35,Type 2 diabetes — basal + rapid insulin,outpatient,Basal-bolus framework,choose_one,Basal + mealtime insulin,"Enter basal and each meal dose, plus correction plan",basal,Insulin glargine U-100,100 units/mL pen or vial,CLINICIAN ENTRY REQUIRED,subcutaneous,Once daily,Same chosen time daily,Ongoing; clinician specifies supply and review date,"Enter units, device/concentration and titration plan; do not copy sample doses; glucose monitoring and hypoglycaemia plan",ADA,false,,,
rx_35,35,Type 2 diabetes — basal + rapid insulin,outpatient,Basal-bolus framework,choose_one,Basal + mealtime insulin,"Enter basal and each meal dose, plus correction plan",rapid,Insulin aspart,100 units/mL pen or vial,CLINICIAN ENTRY REQUIRED,subcutaneous,With selected meals,Product-specific relation to meals,Ongoing; clinician specifies supply and review date,Separate breakfast/lunch/dinner units; carbohydrates/correction factor; never a generic sliding scale alone; avoid dose stacking,ADA,false,,,
rx_35,35,Type 2 diabetes — basal + rapid insulin,outpatient,Continue noninsulin therapy only if appropriate,select_compatible,Metformin ER,Document suitability and sick-day rules,metformin,Metformin ER,500 mg extended-release tablet,500 mg daily initially; titrate by 500 mg weekly if appropriate,oral,Once daily initially,With evening meal; swallow whole,Ongoing; clinician specifies supply and review date,Do not initiate eGFR 30–45 under cited label; contraindicated eGFR <30; reassess acute hypoxia/AKI/contrast; B12 review,MET,false,,,
rx_35,35,Type 2 diabetes — basal + rapid insulin,outpatient,Continue noninsulin therapy only if appropriate,select_compatible,Dapagliflozin,Document suitability and sick-day rules,dapa,Dapagliflozin,5 or 10 mg tablet,"Glycaemic start: 5 mg daily, may increase to 10 mg; HF/CKD indication: 10 mg daily",oral,Once daily,With or without food,Ongoing; clinician specifies supply and review date,Indication-specific eGFR (HF/CKD initiation generally ≥25); glycaemic efficacy reduced <45; volume/genital infection/DKA review; hold ≥3 days before surgery; sick-day instructions,DAPA,false,,,
rx_36,36,Type 2 diabetes — Mixtard human insulin 30/70,outpatient,Human premix,choose_one,Human insulin soluble/isophane 30/70,Enter individual morning/evening units and exact concentration/device,mixtard,Human insulin soluble/isophane 30/70,Mixtard 30: confirm U-40 or U-100 local device,CLINICIAN ENTRY REQUIRED,subcutaneous,"Once or twice daily, clinician selected",Meal/snack within 30 minutes after injection,Ongoing; clinician specifies supply and review date,30% soluble / 70% isophane; resuspend per product; concentration/device match essential; not IV; individual units,MIX,false,,,
rx_36,36,Type 2 diabetes — Mixtard human insulin 30/70,outpatient,Continuing medicine,choose_one,Metformin ER,Appropriate renal/clinical status,metformin,Metformin ER,500 mg extended-release tablet,500 mg daily initially; titrate by 500 mg weekly if appropriate,oral,Once daily initially,With evening meal; swallow whole,Ongoing; clinician specifies supply and review date,Do not initiate eGFR 30–45 under cited label; contraindicated eGFR <30; reassess acute hypoxia/AKI/contrast; B12 review,MET,false,,,
rx_37,37,Type 2 diabetes — Ryzodeg,outpatient,Degludec/aspart co-formulation,choose_one,Insulin degludec/aspart 70/30,Enter main-meal units; once/twice daily as selected,ryzodeg,Insulin degludec/aspart 70/30,Ryzodeg 100 units/mL pen/cartridge,CLINICIAN ENTRY REQUIRED,subcutaneous,"Once or twice daily, clinician selected",With main meal(s),Ongoing; clinician specifies supply and review date,70% degludec / 30% aspart; individual units; no automatic conversion; do not resuspend clear solution; not IV/pump; separate from Mixtard,RYZ,false,,,
rx_37,37,Type 2 diabetes — Ryzodeg,outpatient,Continuing medicine,choose_one,Metformin ER,Appropriate renal/clinical status,metformin,Metformin ER,500 mg extended-release tablet,500 mg daily initially; titrate by 500 mg weekly if appropriate,oral,Once daily initially,With evening meal; swallow whole,Ongoing; clinician specifies supply and review date,Do not initiate eGFR 30–45 under cited label; contraindicated eGFR <30; reassess acute hypoxia/AKI/contrast; B12 review,MET,false,,,
rx_38,38,HFpEF,outpatient,Foundational eligible SGLT2,choose_one,Dapagliflozin,Stable confirmed HFpEF; renal/volume eligibility,dapa,Dapagliflozin,5 or 10 mg tablet,"Glycaemic start: 5 mg daily, may increase to 10 mg; HF/CKD indication: 10 mg daily",oral,Once daily,With or without food,Ongoing; clinician specifies supply and review date,Indication-specific eGFR (HF/CKD initiation generally ≥25); glycaemic efficacy reduced <45; volume/genital infection/DKA review; hold ≥3 days before surgery; sick-day instructions,DAPA,false,,,
rx_38,38,HFpEF,outpatient,Congestion relief,choose_one,Torsemide,Volume overload,torse,Torsemide,10 mg tablet,10–20 mg daily initiation example; adjust to congestion,oral,Once daily initially,Morning,Ongoing; clinician specifies supply and review date,"Use only if volume indication; daily weight, renal/Na/K; avoid overdiuresis",HF,false,,,
rx_38,38,HFpEF,outpatient,Selected nonsteroidal MRA,choose_one,Finerenone,"Eligible indication, K/eGFR and local HF product approval",finerenone,Finerenone,10 or 20 mg tablet; local HF indication must be verified,HF label: eGFR ≥60 start 20 mg daily; eGFR 25–<60 start 10 mg daily,oral,Once daily,With or without food,Ongoing; clinician specifies supply and review date,Do not initiate eGFR <25 or K >5; recheck K/eGFR at 4 weeks; indication-specific titration; no other MRA or strong CYP3A4 inhibitor; verify Indian approval/availability,FIN,false,,,
rx_38,38,HFpEF,outpatient,Selected phenotype RAS therapy,choose_one,Sacubitril/valsartan,Specific BP/phenotype indication; choose one,arni,Sacubitril/valsartan,24/26 or 49/51 mg tablet,49/51 mg twice daily usual start; 24/26 mg twice daily for eligible low-dose/naive/renal patients,oral,Twice daily,With or without food,Ongoing; clinician specifies supply and review date,"No ACE inhibitor within 36 hours, no extra ARB; BP/K/renal; angioedema/pregnancy contraindications",ARNI,false,,,
rx_38,38,HFpEF,outpatient,Selected phenotype RAS therapy,choose_one,Telmisartan,Specific BP/phenotype indication; choose one,telmi,Telmisartan,20 or 40 mg tablet,40 mg daily; lower start if appropriate,oral,Once daily,With or without food,Ongoing; clinician specifies supply and review date,Creatinine/K and volume status; contraindicated pregnancy; no ACE inhibitor or additional ARB,TA,false,,,
